Provincia,coef_coparticipacion
Buenos Aires,0.213
Santa Fe,0.087
Córdoba,0.047
Chaco,0.084
Entre Ríos,0.047
Tucumán,0.046
Mendoza,0.041
Santiago del Estero,0.039
Salta,0.038
Corrientes,0.018
Formosa,0.034
San Juan,0.032
Misiones,0.033
Jujuy,0.028
Catamarca,0.026
Río Negro,0.025
San Luis,0.022
La Rioja,0.020
La Pampa,0.019
Neuquén,0.018
Chubut,0.036
Santa Cruz,0.017
Total (provincias),1.000